delete from CL_SYSTEM
delete from CL_BATCH_TYPE
delete from CL_BATCH_PATH
delete from CL_BATCH_VERSION
SET IDENTITY_INSERT dbo.CL_SYSTEM ON
insert into dbo.CL_SYSTEM (SYSTEM_ID, SYSTEM_NAME, SYSTEM_DESC, RECORD_STATUS, CREATED, CREATED_BY, LAST_UPD, LAST_UPD_BY)
values (1, 'SFF', 'SFF', 1, '20170301 00:00:00', 'CPAC', null, null)
insert into dbo.CL_SYSTEM (SYSTEM_ID, SYSTEM_NAME, SYSTEM_DESC, RECORD_STATUS, CREATED, CREATED_BY, LAST_UPD, LAST_UPD_BY)
values (2, 'SFF Credit Control', 'SFF Credit Control', 1, '20170301 00:00:00', 'CPAC', null, null)
insert into dbo.CL_SYSTEM (SYSTEM_ID, SYSTEM_NAME, SYSTEM_DESC, RECORD_STATUS, CREATED, CREATED_BY, LAST_UPD, LAST_UPD_BY)
values (3, 'Siebel ', 'Siebel ', 1, '20170301 00:00:00', 'CPAC', null, null)
insert into dbo.CL_SYSTEM (SYSTEM_ID, SYSTEM_NAME, SYSTEM_DESC, RECORD_STATUS, CREATED, CREATED_BY, LAST_UPD, LAST_UPD_BY)
values (4, 'CCIS', 'CCIS', 1, '20170301 00:00:00', 'CPAC', null, null)
insert into dbo.CL_SYSTEM (SYSTEM_ID, SYSTEM_NAME, SYSTEM_DESC, RECORD_STATUS, CREATED, CREATED_BY, LAST_UPD, LAST_UPD_BY)
values (5, 'CSO', 'CSO', 1, '20170301 00:00:00', 'CPAC', null, null)
insert into dbo.CL_SYSTEM (SYSTEM_ID, SYSTEM_NAME, SYSTEM_DESC, RECORD_STATUS, CREATED, CREATED_BY, LAST_UPD, LAST_UPD_BY)
values (6, 'cPAC Notification', 'cPAC Notification', 1, '20170301 00:00:00', 'CPAC', null, null)
insert into dbo.CL_SYSTEM (SYSTEM_ID, SYSTEM_NAME, SYSTEM_DESC, RECORD_STATUS, CREATED, CREATED_BY, LAST_UPD, LAST_UPD_BY)
values (7, 'cPAC Payment', 'cPAC Payment', 1, '20170301 00:00:00', 'CPAC', null, null)
insert into dbo.CL_SYSTEM (SYSTEM_ID, SYSTEM_NAME, SYSTEM_DESC, RECORD_STATUS, CREATED, CREATED_BY, LAST_UPD, LAST_UPD_BY)
values (8, 'IVR', 'IVR', 1, '20170301 00:00:00', 'CPAC', null, null)
insert into dbo.CL_SYSTEM (SYSTEM_ID, SYSTEM_NAME, SYSTEM_DESC, RECORD_STATUS, CREATED, CREATED_BY, LAST_UPD, LAST_UPD_BY)
values (9, 'Printing House', 'Printing House', 1, '20170301 00:00:00', 'CPAC', null, null)
insert into dbo.CL_SYSTEM (SYSTEM_ID, SYSTEM_NAME, SYSTEM_DESC, RECORD_STATUS, CREATED, CREATED_BY, LAST_UPD, LAST_UPD_BY)
values (10, 'SAP', 'SAP', 1, '20170301 00:00:00', 'CPAC', null, null)
insert into dbo.CL_SYSTEM (SYSTEM_ID, SYSTEM_NAME, SYSTEM_DESC, RECORD_STATUS, CREATED, CREATED_BY, LAST_UPD, LAST_UPD_BY)
values (11, 'DWH', 'DWH', 1, '20170301 00:00:00', 'CPAC', null, null)
insert into dbo.CL_SYSTEM (SYSTEM_ID, SYSTEM_NAME, SYSTEM_DESC, RECORD_STATUS, CREATED, CREATED_BY, LAST_UPD, LAST_UPD_BY)
values (12, 'Fraud', 'Fraud', 1, '20170301 00:00:00', 'CPAC', null, null)
SET IDENTITY_INSERT dbo.CL_SYSTEM OFF


SET IDENTITY_INSERT dbo.CL_BATCH_TYPE ON
insert into dbo.CL_BATCH_TYPE (BATCH_TYPE_ID, BATCH_TYPE_NAME, BATCH_TYPE_DESC, BATCH_GROUP, BATCH_SYSTEM_ID, BATCH_RUNTIME, BATCH_SERVICE, RESPONSE_BOO, RECORD_ORDER, RECORD_STATUS, CREATED, CREATED_BY, LAST_UPD, LAST_UPD_BY)
values (1, 'Suspend Batch', 'ข้อมูลคำขอ Suspend ที่ส่งให้ระบบ SFF', 7, 1, null, '1', 'Y', 0, 1, '20170301 00:00:00', 'CPAC', null, null)
insert into dbo.CL_BATCH_TYPE (BATCH_TYPE_ID, BATCH_TYPE_NAME, BATCH_TYPE_DESC, BATCH_GROUP, BATCH_SYSTEM_ID, BATCH_RUNTIME, BATCH_SERVICE, RESPONSE_BOO, RECORD_ORDER, RECORD_STATUS, CREATED, CREATED_BY, LAST_UPD, LAST_UPD_BY)
values (2, 'Terminate Batch', 'ข้อมูลคำขอ Terminate ที่ส่งให้ระบบ SFF', 8, 1, null, '1', 'Y', 0, 1, '20170301 00:00:00', 'CPAC', null, null)
insert into dbo.CL_BATCH_TYPE (BATCH_TYPE_ID, BATCH_TYPE_NAME, BATCH_TYPE_DESC, BATCH_GROUP, BATCH_SYSTEM_ID, BATCH_RUNTIME, BATCH_SERVICE, RESPONSE_BOO, RECORD_ORDER, RECORD_STATUS, CREATED, CREATED_BY, LAST_UPD, LAST_UPD_BY)
values (3, 'Terminate End Request', 'ข้อมูลคำขอ Terminate ที่ส่งให้ระบบ SFF กรณ๊เลขหมายสุดท้ายของ BA', 8, 1, null, '1', 'N', 0, 1, '20170301 00:00:00', 'CPAC', null, null)
insert into dbo.CL_BATCH_TYPE (BATCH_TYPE_ID, BATCH_TYPE_NAME, BATCH_TYPE_DESC, BATCH_GROUP, BATCH_SYSTEM_ID, BATCH_RUNTIME, BATCH_SERVICE, RESPONSE_BOO, RECORD_ORDER, RECORD_STATUS, CREATED, CREATED_BY, LAST_UPD, LAST_UPD_BY)
values (4, 'Reconnect Batch', 'ข้อมูลคำขอ Reconnect ที่ส่งให้ระบบ SFF', 9, 1, null, '1', 'Y', 0, 1, '20170301 00:00:00', 'CPAC', null, null)
insert into dbo.CL_BATCH_TYPE (BATCH_TYPE_ID, BATCH_TYPE_NAME, BATCH_TYPE_DESC, BATCH_GROUP, BATCH_SYSTEM_ID, BATCH_RUNTIME, BATCH_SERVICE, RESPONSE_BOO, RECORD_ORDER, RECORD_STATUS, CREATED, CREATED_BY, LAST_UPD, LAST_UPD_BY)
values (5, 'Blacklist Batch', 'ข้อมูลคำขอ Blacklist ที่ส่งให้ระบบ SFF', 10, 1, null, '1', 'Y', 0, 1, '20170301 00:00:00', 'CPAC', null, null)
insert into dbo.CL_BATCH_TYPE (BATCH_TYPE_ID, BATCH_TYPE_NAME, BATCH_TYPE_DESC, BATCH_GROUP, BATCH_SYSTEM_ID, BATCH_RUNTIME, BATCH_SERVICE, RESPONSE_BOO, RECORD_ORDER, RECORD_STATUS, CREATED, CREATED_BY, LAST_UPD, LAST_UPD_BY)
values (6, 'De-Blacklist Batch', 'ข้อมูลคำขอ De-Blacklist ที่ส่งให้ระบบ SFF', 11, 1, null, '1', 'Y', 0, 1, '20170301 00:00:00', 'CPAC', null, null)
insert into dbo.CL_BATCH_TYPE (BATCH_TYPE_ID, BATCH_TYPE_NAME, BATCH_TYPE_DESC, BATCH_GROUP, BATCH_SYSTEM_ID, BATCH_RUNTIME, BATCH_SERVICE, RESPONSE_BOO, RECORD_ORDER, RECORD_STATUS, CREATED, CREATED_BY, LAST_UPD, LAST_UPD_BY)
values (7, 'Write off Flag and Debt Status', 'ข้อมูล Write Off และสถานะการติดตามหนี้ที่ส่งให้ระบบ SFF', 1, 1, null, '1', 'N', 0, 1, '20170301 00:00:00', 'CPAC', null, null)
insert into dbo.CL_BATCH_TYPE (BATCH_TYPE_ID, BATCH_TYPE_NAME, BATCH_TYPE_DESC, BATCH_GROUP, BATCH_SYSTEM_ID, BATCH_RUNTIME, BATCH_SERVICE, RESPONSE_BOO, RECORD_ORDER, RECORD_STATUS, CREATED, CREATED_BY, LAST_UPD, LAST_UPD_BY)
values (8, 'Exempt Blacklist/De-Blacklist Flag', 'ข้อมูล Exempt BL/DL ที่ส่งให้ระบบ SFF Credit Control', 16, 2, null, '1', 'N', 0, 1, '20170301 00:00:00', 'CPAC', null, null)
insert into dbo.CL_BATCH_TYPE (BATCH_TYPE_ID, BATCH_TYPE_NAME, BATCH_TYPE_DESC, BATCH_GROUP, BATCH_SYSTEM_ID, BATCH_RUNTIME, BATCH_SERVICE, RESPONSE_BOO, RECORD_ORDER, RECORD_STATUS, CREATED, CREATED_BY, LAST_UPD, LAST_UPD_BY)
values (9, 'Exempt Credit Limit', 'ข้อมูล Exempt Credit Limit ที่ส่งให้ระบบ SFF Credit Control', 16, 2, null, '1', 'N', 0, 1, '20170301 00:00:00', 'CPAC', null, null)
insert into dbo.CL_BATCH_TYPE (BATCH_TYPE_ID, BATCH_TYPE_NAME, BATCH_TYPE_DESC, BATCH_GROUP, BATCH_SYSTEM_ID, BATCH_RUNTIME, BATCH_SERVICE, RESPONSE_BOO, RECORD_ORDER, RECORD_STATUS, CREATED, CREATED_BY, LAST_UPD, LAST_UPD_BY)
values (10, 'Action Activity Log', 'Activity Log ของการติดตามหนี้ ที่ส่งไปยังระบบ Seibel', 1, 3, null, '1', 'N', 0, 1, '20170301 00:00:00', 'CPAC', null, null)
insert into dbo.CL_BATCH_TYPE (BATCH_TYPE_ID, BATCH_TYPE_NAME, BATCH_TYPE_DESC, BATCH_GROUP, BATCH_SYSTEM_ID, BATCH_RUNTIME, BATCH_SERVICE, RESPONSE_BOO, RECORD_ORDER, RECORD_STATUS, CREATED, CREATED_BY, LAST_UPD, LAST_UPD_BY)
values (11, 'Exempt Activity Log', 'Activity Log ของการ Exempt ที่ส่งไปยังระบบ Seibel', 16, 3, null, '1', 'N', 0, 1, '20170301 00:00:00', 'CPAC', null, null)
insert into dbo.CL_BATCH_TYPE (BATCH_TYPE_ID, BATCH_TYPE_NAME, BATCH_TYPE_DESC, BATCH_GROUP, BATCH_SYSTEM_ID, BATCH_RUNTIME, BATCH_SERVICE, RESPONSE_BOO, RECORD_ORDER, RECORD_STATUS, CREATED, CREATED_BY, LAST_UPD, LAST_UPD_BY)
values (12, 'Campaign Debt File', 'ข้อมูล Campaign Debt File ส่งให้ระบบ PDS', 6, 3, null, '1', 'N', 0, 1, '20170301 00:00:00', 'CPAC', null, null)
insert into dbo.CL_BATCH_TYPE (BATCH_TYPE_ID, BATCH_TYPE_NAME, BATCH_TYPE_DESC, BATCH_GROUP, BATCH_SYSTEM_ID, BATCH_RUNTIME, BATCH_SERVICE, RESPONSE_BOO, RECORD_ORDER, RECORD_STATUS, CREATED, CREATED_BY, LAST_UPD, LAST_UPD_BY)
values (13, 'CCIS Contact', 'Inbound CCIS Contact 3 Tables', 0, 4, null, '2', 'N', 0, 1, '20170301 00:00:00', 'CPAC', null, null)
insert into dbo.CL_BATCH_TYPE (BATCH_TYPE_ID, BATCH_TYPE_NAME, BATCH_TYPE_DESC, BATCH_GROUP, BATCH_SYSTEM_ID, BATCH_RUNTIME, BATCH_SERVICE, RESPONSE_BOO, RECORD_ORDER, RECORD_STATUS, CREATED, CREATED_BY, LAST_UPD, LAST_UPD_BY)
values (14, 'CSO Sales Account', 'Inbound CSO Sales Account 2 Tables', 0, 5, null, '2', 'N', 0, 1, '20170301 00:00:00', 'CPAC', null, null)
insert into dbo.CL_BATCH_TYPE (BATCH_TYPE_ID, BATCH_TYPE_NAME, BATCH_TYPE_DESC, BATCH_GROUP, BATCH_SYSTEM_ID, BATCH_RUNTIME, BATCH_SERVICE, RESPONSE_BOO, RECORD_ORDER, RECORD_STATUS, CREATED, CREATED_BY, LAST_UPD, LAST_UPD_BY)
values (15, 'SMS Notify Customer', 'ข้อมูล SMS ที่ส่งให้ลูกค้าผ่านทางระบบ Notification', 2, 6, null, '1', 'N', 0, 1, '20170301 00:00:00', 'CPAC', null, null)
insert into dbo.CL_BATCH_TYPE (BATCH_TYPE_ID, BATCH_TYPE_NAME, BATCH_TYPE_DESC, BATCH_GROUP, BATCH_SYSTEM_ID, BATCH_RUNTIME, BATCH_SERVICE, RESPONSE_BOO, RECORD_ORDER, RECORD_STATUS, CREATED, CREATED_BY, LAST_UPD, LAST_UPD_BY)
values (16, 'SMS Notify User', 'ข้อมูล SMS ที่ส่งให้เจ้าหน้าที่ผ่านทางระบบ Notification', 2, 6, null, '1', 'N', 0, 1, '20170301 00:00:00', 'CPAC', null, null)
insert into dbo.CL_BATCH_TYPE (BATCH_TYPE_ID, BATCH_TYPE_NAME, BATCH_TYPE_DESC, BATCH_GROUP, BATCH_SYSTEM_ID, BATCH_RUNTIME, BATCH_SERVICE, RESPONSE_BOO, RECORD_ORDER, RECORD_STATUS, CREATED, CREATED_BY, LAST_UPD, LAST_UPD_BY)
values (17, 'Email Notify Customer', 'ข้อมูล Email ที่ส่งให้ลูกค้าผ่านทางระบบ Notification', 3, 6, null, '1', 'N', 0, 1, '20170301 00:00:00', 'CPAC', null, null)
insert into dbo.CL_BATCH_TYPE (BATCH_TYPE_ID, BATCH_TYPE_NAME, BATCH_TYPE_DESC, BATCH_GROUP, BATCH_SYSTEM_ID, BATCH_RUNTIME, BATCH_SERVICE, RESPONSE_BOO, RECORD_ORDER, RECORD_STATUS, CREATED, CREATED_BY, LAST_UPD, LAST_UPD_BY)
values (18, 'Email Notify User', 'ข้อมูล Email ที่ส่งให้เจ้าหน้าที่ผ่านทางระบบ Notification', 3, 6, null, '1', 'N', 0, 1, '20170301 00:00:00', 'CPAC', null, null)
insert into dbo.CL_BATCH_TYPE (BATCH_TYPE_ID, BATCH_TYPE_NAME, BATCH_TYPE_DESC, BATCH_GROUP, BATCH_SYSTEM_ID, BATCH_RUNTIME, BATCH_SERVICE, RESPONSE_BOO, RECORD_ORDER, RECORD_STATUS, CREATED, CREATED_BY, LAST_UPD, LAST_UPD_BY)
values (19, 'Waive Batch', 'ข้อมูล Waive Batch ที่ส่งให้ระบบ Payment', 12, 7, null, '1', 'Y', 0, 1, '20170301 00:00:00', 'CPAC', null, null)
insert into dbo.CL_BATCH_TYPE (BATCH_TYPE_ID, BATCH_TYPE_NAME, BATCH_TYPE_DESC, BATCH_GROUP, BATCH_SYSTEM_ID, BATCH_RUNTIME, BATCH_SERVICE, RESPONSE_BOO, RECORD_ORDER, RECORD_STATUS, CREATED, CREATED_BY, LAST_UPD, LAST_UPD_BY)
values (20, 'Pre-SD File', 'ข้อมูล Pre-SD File ส่งให้ระบบ IVR', 5, 8, null, '1', 'N', 0, 1, '20170301 00:00:00', 'CPAC', null, null)
insert into dbo.CL_BATCH_TYPE (BATCH_TYPE_ID, BATCH_TYPE_NAME, BATCH_TYPE_DESC, BATCH_GROUP, BATCH_SYSTEM_ID, BATCH_RUNTIME, BATCH_SERVICE, RESPONSE_BOO, RECORD_ORDER, RECORD_STATUS, CREATED, CREATED_BY, LAST_UPD, LAST_UPD_BY)
values (21, 'Letter Printing House - IHL', 'ข้อมูล Inhouse Letter ที่ส่งให้ระบบ Printing House', 4, 9, null, '1', 'N', 0, 1, '20170301 00:00:00', 'CPAC', null, null)
insert into dbo.CL_BATCH_TYPE (BATCH_TYPE_ID, BATCH_TYPE_NAME, BATCH_TYPE_DESC, BATCH_GROUP, BATCH_SYSTEM_ID, BATCH_RUNTIME, BATCH_SERVICE, RESPONSE_BOO, RECORD_ORDER, RECORD_STATUS, CREATED, CREATED_BY, LAST_UPD, LAST_UPD_BY)
values (22, 'Letter Printing House - RLC', 'ข้อมูล Remind Letter ที่ส่งให้ระบบ Printing House', 4, 9, null, '1', 'N', 0, 1, '20170301 00:00:00', 'CPAC', null, null)
insert into dbo.CL_BATCH_TYPE (BATCH_TYPE_ID, BATCH_TYPE_NAME, BATCH_TYPE_DESC, BATCH_GROUP, BATCH_SYSTEM_ID, BATCH_RUNTIME, BATCH_SERVICE, RESPONSE_BOO, RECORD_ORDER, RECORD_STATUS, CREATED, CREATED_BY, LAST_UPD, LAST_UPD_BY)
values (23, 'Letter Printing House - WL', 'ข้อมูล Warning Letter ที่ส่งให้ระบบ Printing House', 4, 9, null, '1', 'N', 0, 1, '20170301 00:00:00', 'CPAC', null, null)
insert into dbo.CL_BATCH_TYPE (BATCH_TYPE_ID, BATCH_TYPE_NAME, BATCH_TYPE_DESC, BATCH_GROUP, BATCH_SYSTEM_ID, BATCH_RUNTIME, BATCH_SERVICE, RESPONSE_BOO, RECORD_ORDER, RECORD_STATUS, CREATED, CREATED_BY, LAST_UPD, LAST_UPD_BY)
values (24, 'Letter Printing House - WLC', 'ข้อมูล Warning Letter ที่ส่งให้ระบบ Printing House', 4, 9, null, '1', 'N', 0, 1, '20170301 00:00:00', 'CPAC', null, null)
insert into dbo.CL_BATCH_TYPE (BATCH_TYPE_ID, BATCH_TYPE_NAME, BATCH_TYPE_DESC, BATCH_GROUP, BATCH_SYSTEM_ID, BATCH_RUNTIME, BATCH_SERVICE, RESPONSE_BOO, RECORD_ORDER, RECORD_STATUS, CREATED, CREATED_BY, LAST_UPD, LAST_UPD_BY)
values (25, 'Letter Printing House - TL', 'ข้อมูล Terminate Letter ที่ส่งให้ระบบ Printing House', 4, 9, null, '1', 'N', 0, 1, '20170301 00:00:00', 'CPAC', null, null)
insert into dbo.CL_BATCH_TYPE (BATCH_TYPE_ID, BATCH_TYPE_NAME, BATCH_TYPE_DESC, BATCH_GROUP, BATCH_SYSTEM_ID, BATCH_RUNTIME, BATCH_SERVICE, RESPONSE_BOO, RECORD_ORDER, RECORD_STATUS, CREATED, CREATED_BY, LAST_UPD, LAST_UPD_BY)
values (26, 'Letter Printing House - TLC', 'ข้อมูล Terminate Letter ที่ส่งให้ระบบ Printing House', 4, 9, null, '1', 'N', 0, 1, '20170301 00:00:00', 'CPAC', null, null)
insert into dbo.CL_BATCH_TYPE (BATCH_TYPE_ID, BATCH_TYPE_NAME, BATCH_TYPE_DESC, BATCH_GROUP, BATCH_SYSTEM_ID, BATCH_RUNTIME, BATCH_SERVICE, RESPONSE_BOO, RECORD_ORDER, RECORD_STATUS, CREATED, CREATED_BY, LAST_UPD, LAST_UPD_BY)
values (27, 'Letter Printing House - NL', 'ข้อมูล Notice Letter ที่ส่งให้ระบบ Printing House', 4, 9, null, '1', 'N', 0, 1, '20170301 00:00:00', 'CPAC', null, null)
insert into dbo.CL_BATCH_TYPE (BATCH_TYPE_ID, BATCH_TYPE_NAME, BATCH_TYPE_DESC, BATCH_GROUP, BATCH_SYSTEM_ID, BATCH_RUNTIME, BATCH_SERVICE, RESPONSE_BOO, RECORD_ORDER, RECORD_STATUS, CREATED, CREATED_BY, LAST_UPD, LAST_UPD_BY)
values (28, 'Letter Printing House - NLC', 'ข้อมูล Notice Letter ที่ส่งให้ระบบ Printing House', 4, 9, null, '1', 'N', 0, 1, '20170301 00:00:00', 'CPAC', null, null)
insert into dbo.CL_BATCH_TYPE (BATCH_TYPE_ID, BATCH_TYPE_NAME, BATCH_TYPE_DESC, BATCH_GROUP, BATCH_SYSTEM_ID, BATCH_RUNTIME, BATCH_SERVICE, RESPONSE_BOO, RECORD_ORDER, RECORD_STATUS, CREATED, CREATED_BY, LAST_UPD, LAST_UPD_BY)
values (29, 'Write Off File', 'ข้อมูล Write Off ที่ส่งให้ระบบ SAP', 13, 10, null, '1', 'Y', 0, 1, '20170301 00:00:00', 'CPAC', null, null)
insert into dbo.CL_BATCH_TYPE (BATCH_TYPE_ID, BATCH_TYPE_NAME, BATCH_TYPE_DESC, BATCH_GROUP, BATCH_SYSTEM_ID, BATCH_RUNTIME, BATCH_SERVICE, RESPONSE_BOO, RECORD_ORDER, RECORD_STATUS, CREATED, CREATED_BY, LAST_UPD, LAST_UPD_BY)
values (30, 'Recovery File', 'ข้อมูล Recovery ที่ส่งให้ระบบ SAP', 14, 10, null, '1', 'Y', 0, 1, '20170301 00:00:00', 'CPAC', null, null)
insert into dbo.CL_BATCH_TYPE (BATCH_TYPE_ID, BATCH_TYPE_NAME, BATCH_TYPE_DESC, BATCH_GROUP, BATCH_SYSTEM_ID, BATCH_RUNTIME, BATCH_SERVICE, RESPONSE_BOO, RECORD_ORDER, RECORD_STATUS, CREATED, CREATED_BY, LAST_UPD, LAST_UPD_BY)
values (31, 'Commission Third Party', 'ข้อมูล Commission Third Party ที่ส่งให้ระบบ SAP', 15, 10, null, '1', 'Y', 0, 1, '20170301 00:00:00', 'CPAC', null, null)
insert into dbo.CL_BATCH_TYPE (BATCH_TYPE_ID, BATCH_TYPE_NAME, BATCH_TYPE_DESC, BATCH_GROUP, BATCH_SYSTEM_ID, BATCH_RUNTIME, BATCH_SERVICE, RESPONSE_BOO, RECORD_ORDER, RECORD_STATUS, CREATED, CREATED_BY, LAST_UPD, LAST_UPD_BY)
values (32, 'cPAC Collection Data to DWH', 'ข้อมูล cPAC Collection ที่ส่งให้ระบบ DWH', 17, 11, null, '1', 'N', 0, 1, '20170301 00:00:00', 'CPAC', null, null)
insert into dbo.CL_BATCH_TYPE (BATCH_TYPE_ID, BATCH_TYPE_NAME, BATCH_TYPE_DESC, BATCH_GROUP, BATCH_SYSTEM_ID, BATCH_RUNTIME, BATCH_SERVICE, RESPONSE_BOO, RECORD_ORDER, RECORD_STATUS, CREATED, CREATED_BY, LAST_UPD, LAST_UPD_BY)
values (33, 'Suspend SD3 From Fraud', 'Inbound Suspend SD3 From Fraud', 7, 12, null, '2', 'N', 0, 1, '20170301 00:00:00', 'CPAC', null, null)
SET IDENTITY_INSERT dbo.CL_BATCH_TYPE OFF



insert into dbo.CL_BATCH_PATH (BATCH_TYPE_ID, ENVIRONMENT, PATH_OUTBOUND, PATH_INBOUND, RECORD_ORDER, RECORD_STATUS, CREATED, CREATED_BY, LAST_UPD, LAST_UPD_BY)
values (1, 1, '/export/home/MNT_NFS/PBSSNS404B/DBSFF/sffinput/SuspendDebt', '/export/home/MNT_NFS/PBSSNS404B/DBSFF/sffdata/BatchOrder/SuspendDebt', 0, 1, '20170301 00:00:00', 'CPAC', null, null)
insert into dbo.CL_BATCH_PATH (BATCH_TYPE_ID, ENVIRONMENT, PATH_OUTBOUND, PATH_INBOUND, RECORD_ORDER, RECORD_STATUS, CREATED, CREATED_BY, LAST_UPD, LAST_UPD_BY)
values (2, 1, '/export/home/MNT_NFS/PBSSNS404B/DBSFF/sffinput/DisconnTerminate', '/export/home/MNT_NFS/PBSSNS404B/DBSFF/sffdata/BatchOrder/DisconnTerminate', 0, 1, '20170301 00:00:00', 'CPAC', null, null)
insert into dbo.CL_BATCH_PATH (BATCH_TYPE_ID, ENVIRONMENT, PATH_OUTBOUND, PATH_INBOUND, RECORD_ORDER, RECORD_STATUS, CREATED, CREATED_BY, LAST_UPD, LAST_UPD_BY)
values (3, 1, '/export/home/MNT_NFS/PBSSNS404B/DBSFF/sffinput/DisconnTerminate', '/export/home/MNT_NFS/PBSSNS404B/DBSFF/sffdata/BatchOrder/DisconnTerminate', 0, 1, '20170301 00:00:00', 'CPAC', null, null)
insert into dbo.CL_BATCH_PATH (BATCH_TYPE_ID, ENVIRONMENT, PATH_OUTBOUND, PATH_INBOUND, RECORD_ORDER, RECORD_STATUS, CREATED, CREATED_BY, LAST_UPD, LAST_UPD_BY)
values (4, 1, '"/export/home/MNT_NFS/PBSSNS404B/DBSFF/sffinput/ReconnDebt"', '/export/home/MNT_NFS/PBSSNS404B/DBSFF/sffdata/BatchOrder/ReconnDebt', 0, 1, '20170301 00:00:00', 'CPAC', null, null)
insert into dbo.CL_BATCH_PATH (BATCH_TYPE_ID, ENVIRONMENT, PATH_OUTBOUND, PATH_INBOUND, RECORD_ORDER, RECORD_STATUS, CREATED, CREATED_BY, LAST_UPD, LAST_UPD_BY)
values (5, 1, '/collection/file_interface/order/bl_dl', '/export/home/MNT_NFS/PBSSNS404B/DBSFF/sfflog/DebtBlacklist', 0, 1, '20170301 00:00:00', 'CPAC', null, null)
insert into dbo.CL_BATCH_PATH (BATCH_TYPE_ID, ENVIRONMENT, PATH_OUTBOUND, PATH_INBOUND, RECORD_ORDER, RECORD_STATUS, CREATED, CREATED_BY, LAST_UPD, LAST_UPD_BY)
values (6, 1, '/collection/file_interface/order/bl_dl', '/export/home/MNT_NFS/PBSSNS404B/DBSFF/sfflog/DebtBlacklist', 0, 1, '20170301 00:00:00', 'CPAC', null, null)
insert into dbo.CL_BATCH_PATH (BATCH_TYPE_ID, ENVIRONMENT, PATH_OUTBOUND, PATH_INBOUND, RECORD_ORDER, RECORD_STATUS, CREATED, CREATED_BY, LAST_UPD, LAST_UPD_BY)
values (7, 1, '/collection/file_interface/order/debt_status', '-', 0, 1, '20170301 00:00:00', 'CPAC', null, null)
insert into dbo.CL_BATCH_PATH (BATCH_TYPE_ID, ENVIRONMENT, PATH_OUTBOUND, PATH_INBOUND, RECORD_ORDER, RECORD_STATUS, CREATED, CREATED_BY, LAST_UPD, LAST_UPD_BY)
values (8, 1, '/collection/file_interface/order/exempt_bl_dl', '-', 0, 1, '20170301 00:00:00', 'CPAC', null, null)
insert into dbo.CL_BATCH_PATH (BATCH_TYPE_ID, ENVIRONMENT, PATH_OUTBOUND, PATH_INBOUND, RECORD_ORDER, RECORD_STATUS, CREATED, CREATED_BY, LAST_UPD, LAST_UPD_BY)
values (9, 1, '/collection/file_interface/exempt_sc/', '-', 0, 1, '20170301 00:00:00', 'CPAC', null, null)
insert into dbo.CL_BATCH_PATH (BATCH_TYPE_ID, ENVIRONMENT, PATH_OUTBOUND, PATH_INBOUND, RECORD_ORDER, RECORD_STATUS, CREATED, CREATED_BY, LAST_UPD, LAST_UPD_BY)
values (10, 1, '/vol/SH_SIEBEL/DATA/imActivityLoadPlugin/IN', '-', 0, 1, '20170301 00:00:00', 'CPAC', null, null)
insert into dbo.CL_BATCH_PATH (BATCH_TYPE_ID, ENVIRONMENT, PATH_OUTBOUND, PATH_INBOUND, RECORD_ORDER, RECORD_STATUS, CREATED, CREATED_BY, LAST_UPD, LAST_UPD_BY)
values (11, 1, '/vol/SH_SIEBEL/DATA/XXXXXXXX/IN', '-', 0, 1, '20170301 00:00:00', 'CPAC', null, null)
insert into dbo.CL_BATCH_PATH (BATCH_TYPE_ID, ENVIRONMENT, PATH_OUTBOUND, PATH_INBOUND, RECORD_ORDER, RECORD_STATUS, CREATED, CREATED_BY, LAST_UPD, LAST_UPD_BY)
values (12, 1, '/vol/SH_SIEBEL/DATA/imCampaignDebtLoad/IN', '-', 0, 1, '20170301 00:00:00', 'CPAC', null, null)
insert into dbo.CL_BATCH_PATH (BATCH_TYPE_ID, ENVIRONMENT, PATH_OUTBOUND, PATH_INBOUND, RECORD_ORDER, RECORD_STATUS, CREATED, CREATED_BY, LAST_UPD, LAST_UPD_BY)
values (13, 1, '-', '\\PBSSNS410BVF1\SH_SMIS_CCIS\DATA\PROFILE\CCIS\OUT\DWH', 0, 1, '20170301 00:00:00', 'CPAC', null, null)
insert into dbo.CL_BATCH_PATH (BATCH_TYPE_ID, ENVIRONMENT, PATH_OUTBOUND, PATH_INBOUND, RECORD_ORDER, RECORD_STATUS, CREATED, CREATED_BY, LAST_UPD, LAST_UPD_BY)
values (14, 1, '-', '?', 0, 1, '20170301 00:00:00', 'CPAC', null, null)
insert into dbo.CL_BATCH_PATH (BATCH_TYPE_ID, ENVIRONMENT, PATH_OUTBOUND, PATH_INBOUND, RECORD_ORDER, RECORD_STATUS, CREATED, CREATED_BY, LAST_UPD, LAST_UPD_BY)
values (19, 1, '/collection/file_interface/waive_batch/', '?', 0, 1, '20170301 00:00:00', 'CPAC', null, null)
insert into dbo.CL_BATCH_PATH (BATCH_TYPE_ID, ENVIRONMENT, PATH_OUTBOUND, PATH_INBOUND, RECORD_ORDER, RECORD_STATUS, CREATED, CREATED_BY, LAST_UPD, LAST_UPD_BY)
values (20, 1, '/collection/file_interface/pre_sd', '-', 0, 1, '20170301 00:00:00', 'CPAC', null, null)
insert into dbo.CL_BATCH_PATH (BATCH_TYPE_ID, ENVIRONMENT, PATH_OUTBOUND, PATH_INBOUND, RECORD_ORDER, RECORD_STATUS, CREATED, CREATED_BY, LAST_UPD, LAST_UPD_BY)
values (21, 1, '/collection/file_interface/letter/ihl', '-', 0, 1, '20170301 00:00:00', 'CPAC', null, null)
insert into dbo.CL_BATCH_PATH (BATCH_TYPE_ID, ENVIRONMENT, PATH_OUTBOUND, PATH_INBOUND, RECORD_ORDER, RECORD_STATUS, CREATED, CREATED_BY, LAST_UPD, LAST_UPD_BY)
values (22, 1, '/collection/file_interface/letter/rlc', '-', 0, 1, '20170301 00:00:00', 'CPAC', null, null)
insert into dbo.CL_BATCH_PATH (BATCH_TYPE_ID, ENVIRONMENT, PATH_OUTBOUND, PATH_INBOUND, RECORD_ORDER, RECORD_STATUS, CREATED, CREATED_BY, LAST_UPD, LAST_UPD_BY)
values (23, 1, '/collection/file_interface/letter/wl', '-', 0, 1, '20170301 00:00:00', 'CPAC', null, null)
insert into dbo.CL_BATCH_PATH (BATCH_TYPE_ID, ENVIRONMENT, PATH_OUTBOUND, PATH_INBOUND, RECORD_ORDER, RECORD_STATUS, CREATED, CREATED_BY, LAST_UPD, LAST_UPD_BY)
values (24, 1, '/collection/file_interface/letter/wlc', '-', 0, 1, '20170301 00:00:00', 'CPAC', null, null)
insert into dbo.CL_BATCH_PATH (BATCH_TYPE_ID, ENVIRONMENT, PATH_OUTBOUND, PATH_INBOUND, RECORD_ORDER, RECORD_STATUS, CREATED, CREATED_BY, LAST_UPD, LAST_UPD_BY)
values (25, 1, '/collection/file_interface/letter/tl', '-', 0, 1, '20170301 00:00:00', 'CPAC', null, null)
insert into dbo.CL_BATCH_PATH (BATCH_TYPE_ID, ENVIRONMENT, PATH_OUTBOUND, PATH_INBOUND, RECORD_ORDER, RECORD_STATUS, CREATED, CREATED_BY, LAST_UPD, LAST_UPD_BY)
values (26, 1, '/collection/file_interface/letter/tlc', '-', 0, 1, '20170301 00:00:00', 'CPAC', null, null)
insert into dbo.CL_BATCH_PATH (BATCH_TYPE_ID, ENVIRONMENT, PATH_OUTBOUND, PATH_INBOUND, RECORD_ORDER, RECORD_STATUS, CREATED, CREATED_BY, LAST_UPD, LAST_UPD_BY)
values (27, 1, '/collection/file_interface/letter/nl', '-', 0, 1, '20170301 00:00:00', 'CPAC', null, null)
insert into dbo.CL_BATCH_PATH (BATCH_TYPE_ID, ENVIRONMENT, PATH_OUTBOUND, PATH_INBOUND, RECORD_ORDER, RECORD_STATUS, CREATED, CREATED_BY, LAST_UPD, LAST_UPD_BY)
values (28, 1, '/collection/file_interface/letter/nlc', '-', 0, 1, '20170301 00:00:00', 'CPAC', null, null)
insert into dbo.CL_BATCH_PATH (BATCH_TYPE_ID, ENVIRONMENT, PATH_OUTBOUND, PATH_INBOUND, RECORD_ORDER, RECORD_STATUS, CREATED, CREATED_BY, LAST_UPD, LAST_UPD_BY)
values (29, 1, '/collection/file_interface/sap', '?', 0, 1, '20170301 00:00:00', 'CPAC', null, null)
insert into dbo.CL_BATCH_PATH (BATCH_TYPE_ID, ENVIRONMENT, PATH_OUTBOUND, PATH_INBOUND, RECORD_ORDER, RECORD_STATUS, CREATED, CREATED_BY, LAST_UPD, LAST_UPD_BY)
values (30, 1, '/collection/file_interface/sap', '?', 0, 1, '20170301 00:00:00', 'CPAC', null, null)
insert into dbo.CL_BATCH_PATH (BATCH_TYPE_ID, ENVIRONMENT, PATH_OUTBOUND, PATH_INBOUND, RECORD_ORDER, RECORD_STATUS, CREATED, CREATED_BY, LAST_UPD, LAST_UPD_BY)
values (31, 1, '/collection/file_interface/sap', '?', 0, 1, '20170301 00:00:00', 'CPAC', null, null)
insert into dbo.CL_BATCH_PATH (BATCH_TYPE_ID, ENVIRONMENT, PATH_OUTBOUND, PATH_INBOUND, RECORD_ORDER, RECORD_STATUS, CREATED, CREATED_BY, LAST_UPD, LAST_UPD_BY)
values (32, 1, '/CPAC/collection/file_interface/aging_report', '-', 0, 1, '20170301 00:00:00', 'CPAC', null, null)
insert into dbo.CL_BATCH_PATH (BATCH_TYPE_ID, ENVIRONMENT, PATH_OUTBOUND, PATH_INBOUND, RECORD_ORDER, RECORD_STATUS, CREATED, CREATED_BY, LAST_UPD, LAST_UPD_BY)
values (33, 1, '-', 'PBSSNS410B:/vol/SH_NUAD/NoUsage_D3', 0, 1, '20170301 00:00:00', 'CPAC', null, null)



insert into dbo.CL_BATCH_VERSION (BATCH_TYPE_ID, BATCH_VERSION_NO, BATCH_NAME_FORMAT, BATCH_FILE_TYPE, BATCH_ENCODING, BATCH_DELIMITER, LIMIT_PER_FILE, LIMIT_PER_DAY, EFFECT_START_DATE, EFFECT_END_DATE, CREATED, CREATED_BY, LAST_UPD, LAST_UPD_BY)
values (1, 1, 'DMSRequest_yyyymmdd_hh24miss', '.dat', 'ANSI', '''|''', 500, 250000, '20170301', null, '20170301 00:00:00', 'CPAC', null, null)
insert into dbo.CL_BATCH_VERSION (BATCH_TYPE_ID, BATCH_VERSION_NO, BATCH_NAME_FORMAT, BATCH_FILE_TYPE, BATCH_ENCODING, BATCH_DELIMITER, LIMIT_PER_FILE, LIMIT_PER_DAY, EFFECT_START_DATE, EFFECT_END_DATE, CREATED, CREATED_BY, LAST_UPD, LAST_UPD_BY)
values (2, 1, 'DMSRequest_yyyymmdd_hh24miss', '.dat', 'ANSI', '''|''', 500, 250000, '20170301', null, '20170301 00:00:00', 'CPAC', null, null)
insert into dbo.CL_BATCH_VERSION (BATCH_TYPE_ID, BATCH_VERSION_NO, BATCH_NAME_FORMAT, BATCH_FILE_TYPE, BATCH_ENCODING, BATCH_DELIMITER, LIMIT_PER_FILE, LIMIT_PER_DAY, EFFECT_START_DATE, EFFECT_END_DATE, CREATED, CREATED_BY, LAST_UPD, LAST_UPD_BY)
values (3, 1, 'EndDMSRequest_yyyymmdd_hh24miss', '.dat', 'ANSI', '''|''', 500, 250000, '20170301', null, '20170301 00:00:00', 'CPAC', null, null)
insert into dbo.CL_BATCH_VERSION (BATCH_TYPE_ID, BATCH_VERSION_NO, BATCH_NAME_FORMAT, BATCH_FILE_TYPE, BATCH_ENCODING, BATCH_DELIMITER, LIMIT_PER_FILE, LIMIT_PER_DAY, EFFECT_START_DATE, EFFECT_END_DATE, CREATED, CREATED_BY, LAST_UPD, LAST_UPD_BY)
values (4, 1, 'DMSRequest_yyyymmdd_hh24miss', '.dat', 'ANSI', '''|''', 500, 250000, '20170301', null, '20170301 00:00:00', 'CPAC', null, null)
insert into dbo.CL_BATCH_VERSION (BATCH_TYPE_ID, BATCH_VERSION_NO, BATCH_NAME_FORMAT, BATCH_FILE_TYPE, BATCH_ENCODING, BATCH_DELIMITER, LIMIT_PER_FILE, LIMIT_PER_DAY, EFFECT_START_DATE, EFFECT_END_DATE, CREATED, CREATED_BY, LAST_UPD, LAST_UPD_BY)
values (5, 1, 'AccountDebtBlacklist_yyyymmdd_hh24miss', '.dat', 'ANSI', '''|''', 100000, 999999999, '20170301', null, '20170301 00:00:00', 'CPAC', null, null)
insert into dbo.CL_BATCH_VERSION (BATCH_TYPE_ID, BATCH_VERSION_NO, BATCH_NAME_FORMAT, BATCH_FILE_TYPE, BATCH_ENCODING, BATCH_DELIMITER, LIMIT_PER_FILE, LIMIT_PER_DAY, EFFECT_START_DATE, EFFECT_END_DATE, CREATED, CREATED_BY, LAST_UPD, LAST_UPD_BY)
values (6, 1, 'AccountDebtBlacklist_yyyymmdd_hh24miss', '.dat', 'ANSI', '''|''', 100000, 999999999, '20170301', null, '20170301 00:00:00', 'CPAC', null, null)
insert into dbo.CL_BATCH_VERSION (BATCH_TYPE_ID, BATCH_VERSION_NO, BATCH_NAME_FORMAT, BATCH_FILE_TYPE, BATCH_ENCODING, BATCH_DELIMITER, LIMIT_PER_FILE, LIMIT_PER_DAY, EFFECT_START_DATE, EFFECT_END_DATE, CREATED, CREATED_BY, LAST_UPD, LAST_UPD_BY)
values (7, 1, 'PLUGIN_ACTV_yyyymmdd_hh24miss', '.dat', 'ANSI', '''|''', 50000, 300000, '20170301', null, '20170301 00:00:00', 'CPAC', null, null)
insert into dbo.CL_BATCH_VERSION (BATCH_TYPE_ID, BATCH_VERSION_NO, BATCH_NAME_FORMAT, BATCH_FILE_TYPE, BATCH_ENCODING, BATCH_DELIMITER, LIMIT_PER_FILE, LIMIT_PER_DAY, EFFECT_START_DATE, EFFECT_END_DATE, CREATED, CREATED_BY, LAST_UPD, LAST_UPD_BY)
values (8, 1, 'Exempt_BL_DL_yyyymmdd_hh24miss', '.dat', 'ANSI', '''|''', 100000, 999999999, '20170301', null, '20170301 00:00:00', 'CPAC', null, null)
insert into dbo.CL_BATCH_VERSION (BATCH_TYPE_ID, BATCH_VERSION_NO, BATCH_NAME_FORMAT, BATCH_FILE_TYPE, BATCH_ENCODING, BATCH_DELIMITER, LIMIT_PER_FILE, LIMIT_PER_DAY, EFFECT_START_DATE, EFFECT_END_DATE, CREATED, CREATED_BY, LAST_UPD, LAST_UPD_BY)
values (9, 1, 'Req_Exempt_Credit_Control_yyyymmdd_hh24miss', '.dat', 'ANSI', '''|''', 100000, 999999999, '20170301', null, '20170301 00:00:00', 'CPAC', null, null)
insert into dbo.CL_BATCH_VERSION (BATCH_TYPE_ID, BATCH_VERSION_NO, BATCH_NAME_FORMAT, BATCH_FILE_TYPE, BATCH_ENCODING, BATCH_DELIMITER, LIMIT_PER_FILE, LIMIT_PER_DAY, EFFECT_START_DATE, EFFECT_END_DATE, CREATED, CREATED_BY, LAST_UPD, LAST_UPD_BY)
values (10, 1, 'PLUGIN_ACTV_yyyymmdd_hh24miss', '.dat', 'ANSI', '''|''', 50000, 999999999, '20170301', null, '20170301 00:00:00', 'CPAC', null, null)
insert into dbo.CL_BATCH_VERSION (BATCH_TYPE_ID, BATCH_VERSION_NO, BATCH_NAME_FORMAT, BATCH_FILE_TYPE, BATCH_ENCODING, BATCH_DELIMITER, LIMIT_PER_FILE, LIMIT_PER_DAY, EFFECT_START_DATE, EFFECT_END_DATE, CREATED, CREATED_BY, LAST_UPD, LAST_UPD_BY)
values (11, 1, 'ExemptUpdate_yyyymmdd_hh24miss', '.dat', 'ANSI', '''|''', 50000, 999999999, '20170301', null, '20170301 00:00:00', 'CPAC', null, null)
insert into dbo.CL_BATCH_VERSION (BATCH_TYPE_ID, BATCH_VERSION_NO, BATCH_NAME_FORMAT, BATCH_FILE_TYPE, BATCH_ENCODING, BATCH_DELIMITER, LIMIT_PER_FILE, LIMIT_PER_DAY, EFFECT_START_DATE, EFFECT_END_DATE, CREATED, CREATED_BY, LAST_UPD, LAST_UPD_BY)
values (12, 1, 'CAMPAIGN_DEBT_LOAD_yyyymmdd_hh24miss', '.dat', 'ANSI', '''|''', 100000, 999999999, '20170301', null, '20170301 00:00:00', 'CPAC', null, null)
insert into dbo.CL_BATCH_VERSION (BATCH_TYPE_ID, BATCH_VERSION_NO, BATCH_NAME_FORMAT, BATCH_FILE_TYPE, BATCH_ENCODING, BATCH_DELIMITER, LIMIT_PER_FILE, LIMIT_PER_DAY, EFFECT_START_DATE, EFFECT_END_DATE, CREATED, CREATED_BY, LAST_UPD, LAST_UPD_BY)
values (15, 1, 'For Ref. Batch Type ID Only', 'DB', null, null, null, null, '20170301', null, '20170301 00:00:00', 'CPAC', null, null)
insert into dbo.CL_BATCH_VERSION (BATCH_TYPE_ID, BATCH_VERSION_NO, BATCH_NAME_FORMAT, BATCH_FILE_TYPE, BATCH_ENCODING, BATCH_DELIMITER, LIMIT_PER_FILE, LIMIT_PER_DAY, EFFECT_START_DATE, EFFECT_END_DATE, CREATED, CREATED_BY, LAST_UPD, LAST_UPD_BY)
values (16, 1, 'For Ref. Batch Type ID Only', 'DB', null, null, null, null, '20170301', null, '20170301 00:00:00', 'CPAC', null, null)
insert into dbo.CL_BATCH_VERSION (BATCH_TYPE_ID, BATCH_VERSION_NO, BATCH_NAME_FORMAT, BATCH_FILE_TYPE, BATCH_ENCODING, BATCH_DELIMITER, LIMIT_PER_FILE, LIMIT_PER_DAY, EFFECT_START_DATE, EFFECT_END_DATE, CREATED, CREATED_BY, LAST_UPD, LAST_UPD_BY)
values (17, 1, 'For Ref. Batch Type ID Only', 'DB', null, null, null, null, '20170301', null, '20170301 00:00:00', 'CPAC', null, null)
insert into dbo.CL_BATCH_VERSION (BATCH_TYPE_ID, BATCH_VERSION_NO, BATCH_NAME_FORMAT, BATCH_FILE_TYPE, BATCH_ENCODING, BATCH_DELIMITER, LIMIT_PER_FILE, LIMIT_PER_DAY, EFFECT_START_DATE, EFFECT_END_DATE, CREATED, CREATED_BY, LAST_UPD, LAST_UPD_BY)
values (18, 1, 'For Ref. Batch Type ID Only', 'DB', null, null, null, null, '20170301', null, '20170301 00:00:00', 'CPAC', null, null)
insert into dbo.CL_BATCH_VERSION (BATCH_TYPE_ID, BATCH_VERSION_NO, BATCH_NAME_FORMAT, BATCH_FILE_TYPE, BATCH_ENCODING, BATCH_DELIMITER, LIMIT_PER_FILE, LIMIT_PER_DAY, EFFECT_START_DATE, EFFECT_END_DATE, CREATED, CREATED_BY, LAST_UPD, LAST_UPD_BY)
values (19, 1, 'WAIVE_BATCH_yyyymmdd_hh24miss', '.dat', 'ANSI', '''|''', 100000, 999999999, '20170301', null, '20170301 00:00:00', 'CPAC', null, null)
insert into dbo.CL_BATCH_VERSION (BATCH_TYPE_ID, BATCH_VERSION_NO, BATCH_NAME_FORMAT, BATCH_FILE_TYPE, BATCH_ENCODING, BATCH_DELIMITER, LIMIT_PER_FILE, LIMIT_PER_DAY, EFFECT_START_DATE, EFFECT_END_DATE, CREATED, CREATED_BY, LAST_UPD, LAST_UPD_BY)
values (20, 1, 'SD1_vBatchID_vSuspendDate', '.DAT', 'ANSI', '''|''', 100000, 999999999, '20170301', null, '20170301 00:00:00', 'CPAC', null, null)
insert into dbo.CL_BATCH_VERSION (BATCH_TYPE_ID, BATCH_VERSION_NO, BATCH_NAME_FORMAT, BATCH_FILE_TYPE, BATCH_ENCODING, BATCH_DELIMITER, LIMIT_PER_FILE, LIMIT_PER_DAY, EFFECT_START_DATE, EFFECT_END_DATE, CREATED, CREATED_BY, LAST_UPD, LAST_UPD_BY)
values (21, 1, 'CompanyCode_ModeID_AssignID_TemplateID', '.txt', 'ANSI', '''๚''', 100000, 999999999, '20170301', null, '20170301 00:00:00', 'CPAC', null, null)
insert into dbo.CL_BATCH_VERSION (BATCH_TYPE_ID, BATCH_VERSION_NO, BATCH_NAME_FORMAT, BATCH_FILE_TYPE, BATCH_ENCODING, BATCH_DELIMITER, LIMIT_PER_FILE, LIMIT_PER_DAY, EFFECT_START_DATE, EFFECT_END_DATE, CREATED, CREATED_BY, LAST_UPD, LAST_UPD_BY)
values (22, 1, 'CompanyCode_ModeID_AssignID_TemplateID', '.txt', 'ANSI', '''๚''', 100000, 999999999, '20170301', null, '20170301 00:00:00', 'CPAC', null, null)
insert into dbo.CL_BATCH_VERSION (BATCH_TYPE_ID, BATCH_VERSION_NO, BATCH_NAME_FORMAT, BATCH_FILE_TYPE, BATCH_ENCODING, BATCH_DELIMITER, LIMIT_PER_FILE, LIMIT_PER_DAY, EFFECT_START_DATE, EFFECT_END_DATE, CREATED, CREATED_BY, LAST_UPD, LAST_UPD_BY)
values (23, 1, 'CompanyCode_ModeID_AssignID_TemplateID', '.txt', 'ANSI', '''๚''', 100000, 999999999, '20170301', null, '20170301 00:00:00', 'CPAC', null, null)
insert into dbo.CL_BATCH_VERSION (BATCH_TYPE_ID, BATCH_VERSION_NO, BATCH_NAME_FORMAT, BATCH_FILE_TYPE, BATCH_ENCODING, BATCH_DELIMITER, LIMIT_PER_FILE, LIMIT_PER_DAY, EFFECT_START_DATE, EFFECT_END_DATE, CREATED, CREATED_BY, LAST_UPD, LAST_UPD_BY)
values (24, 1, 'CompanyCode_ModeID_AssignID_TemplateID', '.txt', 'ANSI', '''๚''', 100000, 999999999, '20170301', null, '20170301 00:00:00', 'CPAC', null, null)
insert into dbo.CL_BATCH_VERSION (BATCH_TYPE_ID, BATCH_VERSION_NO, BATCH_NAME_FORMAT, BATCH_FILE_TYPE, BATCH_ENCODING, BATCH_DELIMITER, LIMIT_PER_FILE, LIMIT_PER_DAY, EFFECT_START_DATE, EFFECT_END_DATE, CREATED, CREATED_BY, LAST_UPD, LAST_UPD_BY)
values (25, 1, 'CompanyCode_ModeID_AssignID_TemplateID', '.txt', 'ANSI', '''๚''', 100000, 999999999, '20170301', null, '20170301 00:00:00', 'CPAC', null, null)
insert into dbo.CL_BATCH_VERSION (BATCH_TYPE_ID, BATCH_VERSION_NO, BATCH_NAME_FORMAT, BATCH_FILE_TYPE, BATCH_ENCODING, BATCH_DELIMITER, LIMIT_PER_FILE, LIMIT_PER_DAY, EFFECT_START_DATE, EFFECT_END_DATE, CREATED, CREATED_BY, LAST_UPD, LAST_UPD_BY)
values (26, 1, 'CompanyCode_ModeID_AssignID_TemplateID', '.txt', 'ANSI', '''๚''', 100000, 999999999, '20170301', null, '20170301 00:00:00', 'CPAC', null, null)
insert into dbo.CL_BATCH_VERSION (BATCH_TYPE_ID, BATCH_VERSION_NO, BATCH_NAME_FORMAT, BATCH_FILE_TYPE, BATCH_ENCODING, BATCH_DELIMITER, LIMIT_PER_FILE, LIMIT_PER_DAY, EFFECT_START_DATE, EFFECT_END_DATE, CREATED, CREATED_BY, LAST_UPD, LAST_UPD_BY)
values (27, 1, 'CompanyCode_ModeID_AssignID_TemplateID', '.txt', 'ANSI', '''๚''', 100000, 999999999, '20170301', null, '20170301 00:00:00', 'CPAC', null, null)
insert into dbo.CL_BATCH_VERSION (BATCH_TYPE_ID, BATCH_VERSION_NO, BATCH_NAME_FORMAT, BATCH_FILE_TYPE, BATCH_ENCODING, BATCH_DELIMITER, LIMIT_PER_FILE, LIMIT_PER_DAY, EFFECT_START_DATE, EFFECT_END_DATE, CREATED, CREATED_BY, LAST_UPD, LAST_UPD_BY)
values (28, 1, 'CompanyCode_ModeID_AssignID_TemplateID', '.txt', 'ANSI', '''๚''', 100000, 999999999, '20170301', null, '20170301 00:00:00', 'CPAC', null, null)
insert into dbo.CL_BATCH_VERSION (BATCH_TYPE_ID, BATCH_VERSION_NO, BATCH_NAME_FORMAT, BATCH_FILE_TYPE, BATCH_ENCODING, BATCH_DELIMITER, LIMIT_PER_FILE, LIMIT_PER_DAY, EFFECT_START_DATE, EFFECT_END_DATE, CREATED, CREATED_BY, LAST_UPD, LAST_UPD_BY)
values (29, 1, 'CompanyCode_WO_yyyymmdd_hh24miss', '.dat', 'ANSI', '''|''', 100000, 999999999, '20170301', null, '20170301 00:00:00', 'CPAC', null, null)
insert into dbo.CL_BATCH_VERSION (BATCH_TYPE_ID, BATCH_VERSION_NO, BATCH_NAME_FORMAT, BATCH_FILE_TYPE, BATCH_ENCODING, BATCH_DELIMITER, LIMIT_PER_FILE, LIMIT_PER_DAY, EFFECT_START_DATE, EFFECT_END_DATE, CREATED, CREATED_BY, LAST_UPD, LAST_UPD_BY)
values (30, 1, 'CompanyCode_RE_yyyymmdd_hh24miss', '.dat', 'ANSI', '''|''', 100000, 999999999, '20170301', null, '20170301 00:00:00', 'CPAC', null, null)
insert into dbo.CL_BATCH_VERSION (BATCH_TYPE_ID, BATCH_VERSION_NO, BATCH_NAME_FORMAT, BATCH_FILE_TYPE, BATCH_ENCODING, BATCH_DELIMITER, LIMIT_PER_FILE, LIMIT_PER_DAY, EFFECT_START_DATE, EFFECT_END_DATE, CREATED, CREATED_BY, LAST_UPD, LAST_UPD_BY)
values (31, 1, 'CompanyCode_COM_TP_yyyymmdd_hh24miss', '.dat', 'ANSI', '''|''', 100000, 999999999, '20170301', null, '20170301 00:00:00', 'CPAC', null, null)
insert into dbo.CL_BATCH_VERSION (BATCH_TYPE_ID, BATCH_VERSION_NO, BATCH_NAME_FORMAT, BATCH_FILE_TYPE, BATCH_ENCODING, BATCH_DELIMITER, LIMIT_PER_FILE, LIMIT_PER_DAY, EFFECT_START_DATE, EFFECT_END_DATE, CREATED, CREATED_BY, LAST_UPD, LAST_UPD_BY)
values (32, 1, 'TABLE_NAME_yyyymmdd_hh24miss', '.dat', 'ANSI', '''|''', 100000, 999999999, '20170301', null, '20170301 00:00:00', 'CPAC', null, null)


